{"cameraMode":{"drawMode":0,"name":"Shaded","section":"Shading Mode"},"sceneLighting":true,"audioPlay":false,"sceneViewState":{"showFog":true,"showMaterialUpdate":false,"showSkybox":true,"showFlares":true,"showImageEffects":true,"showParticleSystems":true},"in2DMode":false,"pivot":{"x":7.855036735534668,"y":-1.6747095584869385,"z":2.026848316192627},"rotation":{"x":-0.06181773170828819,"y":-0.6360874772071838,"z":0.051265303045511249,"w":-0.7674263715744019},"size":17.055435180664064,"orthographic":false}